Workbook
Name qnt: Sheet5!$C$2
Name total: Sheet5!$D$2

Sheet Sheet1
A1: prdnm | B1: price | C1: qnt
A2: pencil | B2: 5 | C2: 67
A3: eraser | B3: 3 | C3: 10
A4: scale | B4: 15 | C4: 10
A5: sharpener | B5: 5 | C5: 100
A6: Fevicols | B6: 10 | C6: 20
A7: Color | B7: 12 | C7: 22
A8: Color | B8: 10 | C8: 33
A9: sharpener | B9: 23 | C9: 66
A11: prdnm | B11: pencil | C11: eraser | D11: scale | E11: sharpener | F11: Fevicols | G11: Color
A12: price | B12: 5 | C12: 3 | D12: 15 | E12: 5 | F12: 10 | G12: 12
A13: qnt | B13: 15 | C13: 10 | D13: 10 | E13: 100 | F13: 20 | G13: 22

Sheet Scenario Summary 2
B2: Scenario Summary
D3: Current Values: | E3: 30qnt | F3: 20 | G3: 89
E4: Created by user on 03-09-2026 | F4: Created by user on 03-09-2026 Modified by user on 03-09-2026 | G4: Created by user on 03-09-2026
B5: Changing Cells:
C6: qnt | D6: 30 | E6: 30 | F6: 20 | G6: 89
B7: Result Cells:
C8: total | D8: 150 | E8: 150 | F8: 100 | G8: 445
B9: Notes: Current Values column represents values of changing cells at
B10: time Scenario Summary Report was created. Changing cells for each
B11: scenario are highlighted in gray.

Sheet Sheet5
A1: prdnm | B1: price | C1: qnt | D1: total | F1: qnt | G1: toatl
A2: pencil | B2: 5 | C2: 30 | D2: =B2*C2 -> 150 | G2: =total -> 150
A3: eraser | B3: 3 | C3: 20 | D3: =B3*C3 -> 60 | F3: 13 | G3: 65
A4: scale | B4: 15 | C4: 120 | D4: =B4*C4 -> 1800 | F4: 20 | G4: 100
A5: sharpener | B5: 5 | C5: 0 | D5: =B5*C5 -> 0 | F5: 30 | G5: 150
A6: Fevicols | B6: 10 | C6: 20 | D6: =B6*C6 -> 200 | F6: 40 | G6: 200
A7: Color | B7: 12 | C7: 22 | D7: =B7*C7 -> 264 | F7: 50 | G7: 250
A8: Color | B8: 10 | C8: 33 | D8: =B8*C8 -> 330 | F8: 60 | G8: 300
A9: sharpener | B9: 1.035 | C9: 86.956522 | D9: =B9*C9 -> 90 | F9: 70 | G9: 350

Sheet Sheet4
A1: prdnm | B1: price | C1: qnt | E1: prdnm | G1: Graeter
A2: pencil | B2: 5 | C2: 67 | E2: pencil | G2: 30
A3: eraser | B3: 3 | C3: 10
A4: scale | B4: 15 | C4: 10
A5: sharpener | B5: 5 | C5: 100
A6: Fevicols | B6: 10 | C6: 20
A7: Color | B7: 12 | C7: 22
A8: Color | B8: 10 | C8: 33
A9: sharpener | B9: 23 | C9: 66

Sheet Sheet2
A1: prdnm | B1: price | C1: qnt
A2: pencil | B2: =VLOOKUP(A2,Sheet1!A1:C9,2,FALSE) -> 5 | C2: =VLOOKUP(A2,Sheet1!A1:C9,3,TRUE) -> 67
A3: eraser | B3: =VLOOKUP(A3,Sheet1!A2:C10,2,FALSE) -> 3 | C3: =VLOOKUP(A3,Sheet1!A2:C10,3,TRUE) -> 10
A4: scale | B4: =VLOOKUP(A4,Sheet1!A3:C11,2,FALSE) -> 15 | C4: =VLOOKUP(A4,Sheet1!A3:C11,3,TRUE) -> 33
A5: sharpener | B5: =VLOOKUP(A5,Sheet1!A4:C12,2,FALSE) -> 5 | C5: =VLOOKUP(A5,Sheet1!A4:C12,3,TRUE) -> 3
A6: Fevicols | B6: =VLOOKUP(A6,Sheet1!A5:C13,2,FALSE) -> 10 | C6: =VLOOKUP(A6,Sheet1!A5:C13,3,TRUE) -> 20
A7: Color | B7: =VLOOKUP(A7,Sheet1!A6:C14,2,FALSE) -> 12 | C7: =VLOOKUP(A7,Sheet1!A6:C14,3,TRUE) -> 33
A8: Color | B8: =VLOOKUP(A8,Sheet1!A7:C15,2,FALSE) -> 12 | C8: =VLOOKUP(A8,Sheet1!A7:C15,3,TRUE) -> 33
A9: sharpener | B9: =VLOOKUP(A9,Sheet1!A8:C16,2,FALSE) -> 23 | C9: =VLOOKUP(A9,Sheet1!A8:C16,3,TRUE) -> 10
A11: prdnm | B11: pencil | C11: eraser | D11: scale | E11: sharpener | F11: Fevicols | G11: Color
A12: price | B12: =HLOOKUP(B11,Sheet1!A11:G13,2,FALSE) -> 5 | C12: =HLOOKUP(C11,Sheet1!B11:H13,2,FALSE) -> 3 | D12: =HLOOKUP(D11,Sheet1!C11:I13,2,FALSE) -> 15 | E12: =HLOOKUP(E11,Sheet1!D11:J13,2,FALSE) -> 5 | F12: =HLOOKUP(F11,Sheet1!E11:K13,2,FALSE) -> 10 | G12: =HLOOKUP(G11,Sheet1!F11:L13,2,FALSE) -> 12
A13: qnt | B13: =HLOOKUP(B12,Sheet1!A12:G14,2,FALSE) -> 15 | C13: =HLOOKUP(C12,Sheet1!B12:H14,2,FALSE) -> 10 | D13: =HLOOKUP(D12,Sheet1!C12:I14,2,FALSE) -> 10 | E13: =HLOOKUP(E12,Sheet1!D12:J14,2,FALSE) -> 100 | F13: =HLOOKUP(F12,Sheet1!E12:K14,2,FALSE) -> 20 | G13: =HLOOKUP(G12,Sheet1!F12:L14,2,FALSE) -> 22

Sheet Sheet3
A1: prdnm | B1: price | C1: qnt | E1: Row Labels | F1: Sum of price | G1: Sum of qnt
A2: Color | B2: 12 | C2: 22 | E2: Color | F2: 22 | G2: 55
A3: Color | B3: 10 | C3: 33 | E3: eraser | F3: 3 | G3: 10
A4: eraser | B4: 3 | C4: 10 | E4: Fevicols | F4: 10 | G4: 20
A5: Fevicols | B5: 10 | C5: 20 | E5: pencil | F5: 5 | G5: 67
A6: pencil | B6: 5 | C6: 67 | E6: scale | F6: 15 | G6: 10
A7: scale | B7: 15 | C7: 10 | E7: sharpener | F7: 28 | G7: 166
A8: sharpener | B8: 5 | C8: 100 | E8: Grand Total | F8: 83 | G8: 328
A9: sharpener | B9: 23 | C9: 66
