Workbook
Name per: Sheet5!$B$6
Name Total: Sheet5!$B$5

Sheet Sheet1
A1: Roll No | B1: Student Name | C1: Marks | E1: Roll No | F1: 1 | G1: 2 | H1: 3 | I1: 4 | J1: 5 | K1: 6
A2: 1 | B2: Karan | C2: 100 | E2: Student Name | F2: Karan | G2: Vijay | H2: Ajay | I2: Shantanu | J2: Akash | K2: Pawan
A3: 2 | B3: Vijay | C3: 95 | E3: Marks | F3: 100 | G3: 95 | H3: 90 | I3: 85 | J3: 80 | K3: 75
A4: 3 | B4: Ajay | C4: 90
A5: 4 | B5: Shantanu | C5: 85
A6: 5 | B6: Akash | C6: 80
A7: 6 | B7: Pawan | C7: 75

Sheet Sheet2
A1: Roll No | B1: Student Name | C1: Marks | E1: Roll No | F1: 1 | G1: 2 | H1: 3 | I1: 4 | J1: 5 | K1: 6
A2: 1 | B2: =VLOOKUP(A2,Sheet1!A1:C7,2,FALSE) -> Karan | C2: =VLOOKUP(Sheet2!A2,Sheet1!A1:C7,3,FALSE) -> 100 | E2: Student Name | F2: =HLOOKUP(F1,Sheet1!E1:K3,2,FALSE) -> Karan | G2: =HLOOKUP(G1,Sheet1!F1:L3,2,FALSE) -> Vijay | H2: =HLOOKUP(H1,Sheet1!G1:M3,2,FALSE) -> Ajay | I2: =HLOOKUP(I1,Sheet1!H1:N3,2,FALSE) -> Shantanu | J2: =HLOOKUP(J1,Sheet1!I1:O3,2,FALSE) -> Akash | K2: =HLOOKUP(K1,Sheet1!J1:P3,2,FALSE) -> Pawan
A3: 2 | B3: =VLOOKUP(A3,Sheet1!A2:C8,2,FALSE) -> Vijay | C3: =VLOOKUP(Sheet2!A3,Sheet1!A2:C8,3,FALSE) -> 95 | E3: Marks | F3: =HLOOKUP(F2,Sheet1!E2:K4,2,FALSE) -> 100 | G3: =HLOOKUP(G2,Sheet1!F2:L4,2,FALSE) -> 95 | H3: =HLOOKUP(H2,Sheet1!G2:M4,2,FALSE) -> 90 | I3: =HLOOKUP(I2,Sheet1!H2:N4,2,FALSE) -> 85 | J3: =HLOOKUP(J2,Sheet1!I2:O4,2,FALSE) -> 80 | K3: =HLOOKUP(K2,Sheet1!J2:P4,2,FALSE) -> 75
A4: 3 | B4: =VLOOKUP(A4,Sheet1!A3:C9,2,FALSE) -> Ajay | C4: =VLOOKUP(Sheet2!A4,Sheet1!A3:C9,3,FALSE) -> 90
A5: 4 | B5: =VLOOKUP(A5,Sheet1!A4:C10,2,FALSE) -> Shantanu | C5: =VLOOKUP(Sheet2!A5,Sheet1!A4:C10,3,FALSE) -> 85
A6: 5 | B6: =VLOOKUP(A6,Sheet1!A5:C11,2,FALSE) -> Akash | C6: =VLOOKUP(Sheet2!A6,Sheet1!A5:C11,3,FALSE) -> 80
A7: 6 | B7: =VLOOKUP(A7,Sheet1!A6:C12,2,FALSE) -> Pawan | C7: =VLOOKUP(Sheet2!A7,Sheet1!A6:C12,3,FALSE) -> 75

Sheet Sheet3
A1: Roll No | B1: Student Name | C1: Marks
A2: 1 | B2: Karan | C2: 100
A3: 2 | B3: Vijay | C3: 95
A4: 3 | B4: Ajay | C4: 90
A5: 4 | B5: Shantanu | C5: 85
A6: 5 | B6: Akash | C6: 80
A7: 6 | B7: Pawan | C7: 75 | E7: Row Labels | F7: Sum of Roll No | G7: Sum of Marks
E8: Ajay | F8: 3 | G8: 90
E9: Akash | F9: 5 | G9: 80
E10: Karan | F10: 1 | G10: 100
E11: Pawan | F11: 6 | G11: 75
E12: Shantanu | F12: 4 | G12: 85
E13: Vijay | F13: 2 | G13: 95
E14: Grand Total | F14: 21 | G14: 525

Sheet Sheet4
A1: Roll No | B1: Student Name | C1: Marks | E1: Roll NO | F1: Grreater Marks
A2: 3 | B2: Ajay | C2: 90 | E2: 5 | F2: 80
A3: 5 | B3: Akash | C3: 80
A4: 1 | B4: Karan | C4: 100
A5: 6 | B5: Pawan | C5: 75
A6: 4 | B6: Shantanu | C6: 85
A7: 2 | B7: Vijay | C7: 95

Sheet Scenario Summary
B2: Scenario Summary
D3: Current Values: | E3: Avg performance | F3: Best Performance
E4: Created by user on 04-09-2026 | F4: Created by user on 04-09-2026
B5: Changing Cells:
C6: $B$2 | D6: 70 | E6: 80 | F6: 95
C7: $B$3 | D7: 20 | E7: 25 | F7: 30
C8: $B$4 | D8: 10 | E8: 20 | F8: 25
B9: Result Cells:
C10: Total | D10: 100 | E10: 125 | F10: 150
C11: per | D11: 33.333333 | E11: 41.666667 | F11: 50
B12: Notes: Current Values column represents values of changing cells at
B13: time Scenario Summary Report was created. Changing cells for each
B14: scenario are highlighted in gray.

Sheet Sheet5
A1: Particulars | B1: Marks | D1: =per -> 53.333333 | E1: 15 | F1: 20 | G1: 25
A2: External Marks | B2: 120 | D2: 60 | E2: 31.666667 | F2: 33.333333 | G2: 35
A3: Internal Marks | B3: 20 | D3: 70 | E3: 35 | F3: 36.666667 | G3: 38.333333
A4: Practical Marks | B4: 20 | D4: 80 | E4: 38.333333 | F4: 40 | G4: 41.666667
A5: Total Marks | B5: =SUM(B2:B4) -> 160 | D5: 90 | E5: 41.666667 | F5: 43.333333 | G5: 45
A6: Percentage | B6: =B5/300*100 -> 53.333333 | D6: 100 | E6: 45 | F6: 46.666667 | G6: 48.333333
